Captured CO2,Transport Cost,Capture Cost,Storage Cost,Emitted CO2,Emission Cost
132590291.10000001,651460101.0153579,6629514555.0,1988854366.5,2242720.0,168204000.0
