Captured CO2,Transport Cost,Capture Cost,Storage Cost,Emitted CO2,Emission Cost
12991942.522000002,1398323784.8797007,0.0,194879137.82999998,0.0,0.0
