Captured CO2,Transport Cost,Capture Cost,Storage Cost,Emitted CO2,Emission Cost
5349582.09,1662023930.9514687,53495820.89999999,80243731.35,3877154.2100000004,155086168.39999998
