Captured CO2,Transport Cost,Capture Cost,Storage Cost,Emitted CO2,Emission Cost
163155126.99399993,45676972371.44224,1631551269.939999,2447326904.910001,0.0,0.0
